protocol,N,bootstrap_runs,valid_plans_median,valid_plans_min,mae_mean,mae_median,mae_p25,mae_p75,mae_iqr,ks_mean,ks_median,ks_p25,ks_p75,ks_iqr,wasserstein_mean,wasserstein_median,wasserstein_p25,wasserstein_p75,wasserstein_iqr,bottom_decile_agreement_mean,bottom_decile_agreement_median,bottom_decile_agreement_p25,bottom_decile_agreement_p75,bottom_decile_agreement_iqr
Anal in 25-33fx,10,50,14.0,14,0.1379986197377501,0.128191856452726,0.0917874396135265,0.1790890269151138,0.0873015873015873,0.4628571428571428,0.4285714285714286,0.4285714285714285,0.5,0.0714285714285714,0.1379986197377501,0.128191856452726,0.0917874396135265,0.1790890269151138,0.0873015873015873,0.8328571428571427,1.0,0.5714285714285714,1.0,0.4285714285714286
Brain SRS 1fx,10,50,21.0,21,0.1179853084707453,0.1019417475728155,0.0672163147891303,0.1496250064211229,0.0824086916319925,0.5647619047619048,0.5714285714285714,0.5714285714285714,0.5714285714285714,0.0,0.1179853084707453,0.1019417475728155,0.0672163147891303,0.1496250064211229,0.0824086916319925,1.0,1.0,1.0,1.0,0.0
Brain SRS 1fx,20,50,21.0,21,0.073032581453634,0.0572912864685987,0.0426612648125167,0.0967953865245638,0.0541341217120471,0.5304761904761904,0.5714285714285714,0.4761904761904762,0.5714285714285714,0.0952380952380951,0.073032581453634,0.0572912864685987,0.0426612648125167,0.0967953865245638,0.0541341217120471,1.0,1.0,1.0,1.0,0.0
Brain SRS 1fx,30,50,21.0,21,0.0677264973615827,0.0709184242830041,0.0381454557048798,0.0881478470196247,0.0500023913147448,0.54,0.5714285714285714,0.4880952380952381,0.5714285714285714,0.0833333333333333,0.0677264973615827,0.0709184242830041,0.0381454557048798,0.0881478470196247,0.0500023913147448,1.0,1.0,1.0,1.0,0.0
Brain SRS 1fx,50,50,21.0,21,0.0581261852868748,0.0525677677451007,0.0332399256512591,0.075006840461566,0.0417669148103068,0.5485714285714286,0.5714285714285714,0.5238095238095237,0.5714285714285714,0.0476190476190476,0.0581261852868748,0.0525677677451007,0.0332399256512591,0.075006840461566,0.0417669148103068,1.0,1.0,1.0,1.0,0.0
Brain SRS 1fx,75,50,21.0,21,0.0425877472479414,0.037944671439817,0.0279797828341517,0.05615324061926,0.0281734577851082,0.5295238095238096,0.5238095238095237,0.4761904761904762,0.5714285714285714,0.0952380952380951,0.0425877472479414,0.037944671439817,0.0279797828341517,0.05615324061926,0.0281734577851082,1.0,1.0,1.0,1.0,0.0
Brain SRT 3fx,10,50,20.0,20,0.1451409985365304,0.1250657013396375,0.0973027482269503,0.183828541877744,0.0865257936507936,0.337,0.3,0.25,0.3999999999999999,0.1499999999999999,0.108426455026455,0.0954524231678487,0.0657762017336485,0.129344365642238,0.0635681639085894,0.946,0.975,0.9,1.0,0.0999999999999999
Brain SRT 3fx,20,50,20.0,20,0.0795678494539126,0.076179786136179,0.0566156089384672,0.0979768466674961,0.0413612377290289,0.262,0.25,0.1999999999999999,0.3,0.1,0.0692231313236846,0.0608370865296133,0.0469596362561788,0.0870683327704604,0.0401086965142816,0.978,1.0,1.0,1.0,0.0
Brain SRT 3fx,30,50,20.0,20,0.070599185667793,0.0613652618135376,0.0509859514687101,0.0926127144460477,0.0416267629773376,0.25,0.25,0.1999999999999999,0.3,0.1,0.0623221825898467,0.0557336524240412,0.0464411876666783,0.0697359422492401,0.0232947545825617,0.986,1.0,1.0,1.0,0.0
Brain SRT 3fx,50,50,20.0,20,0.0591790722590235,0.0535037063738539,0.0457486055236442,0.0710878212248689,0.0253392157012247,0.246,0.2499999999999999,0.2,0.3,0.0999999999999999,0.0515722240340187,0.0482303950058774,0.0379829168073848,0.0619391790242854,0.0239562622169005,1.0,1.0,1.0,1.0,0.0
Brain SRT 5fx,10,50,20.0,20,0.1032143434343434,0.0928834776334776,0.0798882575757575,0.1164590548340548,0.0365707972582972,0.29,0.3,0.25,0.35,0.0999999999999999,0.0902245887445887,0.0813154761904761,0.0601684704184704,0.1054772727272727,0.0453088023088023,0.918,0.9,0.9,0.95,0.0499999999999999
Brain SRT 5fx,20,50,20.0,20,0.0714846806364143,0.0694222636024106,0.0532611832611832,0.0854125041625041,0.0321513209013209,0.225,0.2,0.2,0.25,0.0499999999999999,0.0590571735293716,0.0571065221543162,0.042505917897462,0.0684813709574739,0.0259754530600119,0.934,0.9,0.9,1.0,0.0999999999999999
Brain SRT 5fx,30,50,20.0,20,0.060652460863127,0.0582580956625074,0.0437965460228887,0.0725669191919191,0.0287703731690304,0.216,0.2,0.1999999999999999,0.25,0.05,0.0548626314938746,0.0505810970113029,0.0365721101681779,0.0698212869646693,0.0332491767964913,0.966,1.0,0.9,1.0,0.0999999999999999
Breast 40.05Gy  4fields Left,10,50,64.0,64,0.0626793254235838,0.0504843127345052,0.036839951267474,0.0733330960024679,0.0364931447349939,0.2646875,0.2265625,0.14453125,0.34375,0.19921875,0.0541927113008557,0.0410935082067229,0.0263563985021341,0.0693255790805066,0.0429691805783725,0.96875,0.96875,0.953125,1.0,0.046875
Breast 40.05Gy  4fields Left,20,50,64.0,64,0.0434803454768745,0.0378365662012896,0.0271202050359102,0.0529262873765232,0.025806082340613,0.201875,0.1796875,0.125,0.25,0.125,0.0395004704662481,0.0329777339504851,0.021354855896668,0.0514621615168499,0.0301073056201819,0.9840625,0.984375,0.96875,1.0,0.03125
Breast 40.05Gy  4fields Left,30,50,64.0,64,0.0353182766252712,0.0306150014489645,0.0255210618393542,0.041842557578198,0.0163214957388438,0.1646875,0.140625,0.109375,0.203125,0.09375,0.029311541464597,0.0249051839068733,0.0161766670457913,0.036917555699856,0.0207408886540647,0.9809375,0.96875,0.96875,1.0,0.03125
Breast 40.05Gy  4fields Left,50,50,64.0,64,0.0278049143893592,0.0265954394395826,0.0203571345540167,0.032020326224978,0.0116631916709612,0.149375,0.140625,0.09375,0.1875,0.09375,0.0238778012224616,0.0225485372814842,0.0156963478485227,0.0290669767516021,0.0133706289030793,0.99,1.0,0.96875,1.0,0.03125
Breast 40.05Gy  4fields Left,75,50,64.0,64,0.0236743410637347,0.018854859303548,0.0148887529687706,0.0309253199469174,0.0160365669781468,0.1234375,0.109375,0.078125,0.16796875,0.08984375,0.0194903980547391,0.0143473153511568,0.0100067938727086,0.0261188863906553,0.0161120925179467,0.988125,1.0,0.96875,1.0,0.03125
Breast 40.05Gy  4fields Left,100,50,64.0,64,0.019458881363647,0.0173310614182236,0.0146510969634832,0.0220836547148373,0.0074325577513541,0.110625,0.109375,0.06640625,0.140625,0.07421875,0.0160499542112282,0.0136631811155213,0.0093504601910623,0.0200109496121283,0.010660489421066,0.993125,1.0,1.0,1.0,0.0
Breast 40.05Gy Tangent Right,10,50,16.0,16,0.148,0.1425,0.1055555555555555,0.1841666666666667,0.0786111111111111,0.35625,0.375,0.25,0.375,0.125,0.148,0.1425,0.1055555555555555,0.1841666666666667,0.0786111111111111,0.85625,0.875,0.8125,0.875,0.0625
Breast 42.56Gy Tangent Right,10,50,78.0,78,0.0667139528962694,0.0531453241958384,0.0391670332814833,0.0822921843034131,0.0431251510219297,0.2423076923076923,0.2051282051282051,0.1698717948717949,0.2820512820512821,0.1121794871794871,0.0599153094340466,0.0477898792198326,0.0322393495545926,0.0771325619005187,0.0448932123459261,0.9523076923076924,0.9615384615384616,0.9487179487179488,0.9743589743589745,0.0256410256410256
Breast 42.56Gy Tangent Right,20,50,78.0,78,0.0393871225335675,0.031118141082103,0.0255195315631342,0.0459927207897683,0.0204731892266341,0.1648717948717948,0.1474358974358974,0.1153846153846153,0.2051282051282051,0.0897435897435897,0.0342511706774666,0.0254315955924704,0.0193433196819282,0.0450759834592413,0.025732663777313,0.9638461538461536,0.9615384615384616,0.9487179487179488,0.9743589743589745,0.0256410256410256
Breast 42.56Gy Tangent Right,30,50,78.0,78,0.0312249097494334,0.027046589733842,0.0235916356372711,0.0355355997351316,0.0119439640978604,0.1374358974358974,0.1282051282051282,0.1025641025641025,0.1666666666666666,0.0641025641025641,0.0258419323808299,0.0230729274714768,0.0159855269979213,0.0321804567741475,0.0161949297762262,0.9697435897435898,0.9743589743589745,0.9615384615384616,0.983974358974359,0.0224358974358974
Breast 42.56Gy Tangent Right,50,50,78.0,78,0.0286849579692348,0.024651589386642,0.0170500630362392,0.0395236467439884,0.0224735837077492,0.1366666666666667,0.1217948717948718,0.0929487179487179,0.1762820512820513,0.0833333333333333,0.0254777697107998,0.0213993683607207,0.01178816052873,0.0324585834714271,0.0206704229426971,0.9792307692307692,0.9743589743589745,0.9743589743589745,1.0,0.0256410256410256
Breast 42.56Gy Tangent Right,75,50,78.0,78,0.0214309488104355,0.0202357220662336,0.0146548409157215,0.0246129563533538,0.0099581154376322,0.1128205128205128,0.1153846153846154,0.0897435897435897,0.1282051282051282,0.0384615384615384,0.0189087222805792,0.0180251268031147,0.0105817173360067,0.0235421703406557,0.012960453004649,0.9835897435897436,1.0,0.9743589743589745,1.0,0.0256410256410256
Breast 42.56Gy Tangent Right,100,50,78.0,78,0.0182391256343917,0.0160138611334438,0.0134478277997756,0.0204816422561804,0.0070338144564048,0.1041025641025641,0.1025641025641025,0.0769230769230769,0.1282051282051282,0.0512820512820512,0.0159043680113016,0.0141891016775458,0.0106070307501901,0.0190489638685109,0.0084419331183208,0.984102564102564,1.0,0.9743589743589745,1.0,0.0256410256410256
Breast 46Gy 4fields Left,10,50,20.0,20,0.1164821993459434,0.1074639845281676,0.0905797014025068,0.1390664831925174,0.0484867817900106,0.272,0.25,0.2,0.3,0.1,0.0927538387999201,0.0846732467470958,0.0709535422696811,0.110185686198709,0.0392321439290278,0.953,0.975,0.9,1.0,0.0999999999999999
Breast 46Gy 4fields Left,20,50,20.0,20,0.0762921434732803,0.0719031286057635,0.0564306722584338,0.0993036635447452,0.0428729912863114,0.244,0.25,0.2,0.3,0.0999999999999999,0.0661070933961459,0.055219997635464,0.0475497577305184,0.0863809418365841,0.0388311841060657,0.973,1.0,0.9125,1.0,0.0875
Esophagus in 23-28fx,10,50,20.0,20,0.0953650653358986,0.08834455667789,0.0760755872214205,0.103195521685105,0.0271199344636844,0.239,0.25,0.2,0.25,0.05,0.0875309143017476,0.0806582691999358,0.0677771765271765,0.0966929212762546,0.028915744749078,0.924,0.9,0.9,1.0,0.0999999999999999
"Florence,30 Gy/5 fx Left",10,50,26.0,26,0.0394127976599219,0.036199307080949,0.0300642887512441,0.0459899006545543,0.0159256119033101,0.1792307692307692,0.1923076923076923,0.1538461538461538,0.1923076923076923,0.0384615384615385,0.0330300464112862,0.0310559813267579,0.0234600786909581,0.0381796191614832,0.014719540470525,0.96,0.9615384615384616,0.9230769230769232,1.0,0.0769230769230768
"Florence,30 Gy/5 fx Left",20,50,26.0,26,0.024837106650405,0.0234699332378251,0.0214844306135173,0.0282940452356718,0.0068096146221545,0.1430769230769231,0.1538461538461538,0.1153846153846154,0.1538461538461538,0.0384615384615384,0.0213789759592842,0.0208263809792909,0.0180261156864048,0.0251434877072702,0.0071173720208653,0.9769230769230772,1.0,0.9230769230769232,1.0,0.0769230769230768
"Florence,30 Gy/5 fx Left",30,50,26.0,26,0.0206782855512039,0.0203986208882831,0.0160149053543304,0.0234846583904702,0.0074697530361397,0.1338461538461538,0.1153846153846154,0.1153846153846154,0.1538461538461538,0.0384615384615384,0.0181088749723276,0.0173170070381997,0.0140899104824882,0.0202620826172203,0.006172172134732,0.9723076923076924,1.0,0.9230769230769232,1.0,0.0769230769230768
"Florence,30 Gy/5 fx Left",50,50,26.0,26,0.0156959115910173,0.0151479726090541,0.0134280672315595,0.0170287113156471,0.0036006440840876,0.1161538461538462,0.1153846153846154,0.0865384615384615,0.1442307692307692,0.0576923076923076,0.0137901530612609,0.0137270450213432,0.0113050505475252,0.0152422888742158,0.0039372383266906,0.9907692307692308,1.0,1.0,1.0,0.0
"Florence,30 Gy/5 fx Left",75,50,26.0,26,0.0143178388351606,0.0134208702929221,0.0116637390635165,0.0169279908117454,0.0052642517482289,0.1146153846153846,0.1153846153846154,0.0865384615384615,0.1153846153846154,0.0288461538461538,0.013437951305754,0.0124351435068166,0.0103512495104694,0.0163152573025359,0.0059640077920665,0.9953846153846154,1.0,1.0,1.0,0.0
"Florence,30 Gy/5 fx Left",100,50,26.0,26,0.0113821960030151,0.0108725731880612,0.0095310220224698,0.0123711256271378,0.0028401036046679,0.1015384615384615,0.0961538461538461,0.0769230769230769,0.1153846153846154,0.0384615384615384,0.0108379442841478,0.0103406125390354,0.0088503432620228,0.0119978383969235,0.0031474951349007,0.9984615384615384,1.0,1.0,1.0,0.0
GBM 60Gy in 30fx,10,50,20.0,20,0.1138263797739495,0.1127351166061174,0.0768456226317434,0.1408570036915504,0.064011381059807,0.283,0.25,0.25,0.3,0.05,0.1001710752047606,0.0998525333020821,0.0678557389937106,0.1251474911129341,0.0572917521192234,0.8089999999999999,0.8,0.75,0.85,0.0999999999999999
GBM 60Gy in 30fx,20,50,20.0,20,0.0827667758293744,0.076052735286075,0.061563154851711,0.1019600187206832,0.0403968638689721,0.238,0.25,0.2,0.25,0.0499999999999999,0.0742251834239272,0.0659619284205342,0.0516033266023011,0.0924253999179655,0.0408220733156644,0.8939999999999999,0.9,0.8,1.0,0.1999999999999999
GBM 60Gy in 30fx,30,50,20.0,20,0.0604362349502532,0.0593615206915042,0.0485030345710884,0.0676560123819255,0.019152977810837,0.1979999999999999,0.2,0.15,0.2,0.05,0.0545277251380827,0.0531715877059342,0.0438261363005545,0.0633543268961946,0.0195281905956401,0.936,0.9,0.9,1.0,0.0999999999999999
GBM 60Gy in 30fx,50,50,20.0,20,0.0509716608512501,0.0499200785588845,0.0400127343706483,0.0608993443897463,0.0208866100190979,0.185,0.1999999999999999,0.15,0.2,0.05,0.0465709494034797,0.0468827019003755,0.0359506576356501,0.0540970781257539,0.0181464204901038,0.954,1.0,0.9,1.0,0.0999999999999999
General GYN no LNs,10,50,20.0,14,0.1878555779868622,0.1852728411119974,0.1640896550850614,0.2083878929353179,0.0442982378502565,0.2867142857142857,0.3,0.25,0.3,0.05,0.1243945203856319,0.1171539765756251,0.0993902846647735,0.1482640350313745,0.048873750366601,0.8542857142857142,0.9,0.8,0.9,0.0999999999999999
General GYN no LNs,20,50,20.0,20,0.128497037088793,0.1249572615699039,0.1120804544570719,0.1464415695827445,0.0343611151256726,0.23,0.25,0.1999999999999999,0.25,0.05,0.0891650070200005,0.084775322577794,0.0642555505357976,0.1091865649417247,0.044931014405927,0.918,0.9,0.9,0.9,0.0
General GYN no LNs,30,50,20.0,20,0.0983475218856503,0.0945118597423204,0.0807619412448605,0.1063054331760659,0.0255434919312054,0.2,0.1999999999999999,0.15,0.2375,0.0874999999999999,0.0691087312941916,0.0643331480979481,0.0501385689041615,0.0810245108858915,0.03088594198173,0.9330000000000002,0.9,0.9,1.0,0.0999999999999999
General GYN no LNs,50,50,20.0,20,0.0751224022706746,0.0745856940166449,0.0615510342883743,0.0878161298716417,0.0262650955832673,0.1909999999999999,0.1999999999999999,0.15,0.2,0.0499999999999999,0.0541316800715715,0.0494566861517151,0.0421527449335772,0.0637462197973294,0.0215934748637522,0.96,1.0,0.9,1.0,0.0999999999999999
General GYN with LNs Boost,10,50,20.0,20,0.1370787884508279,0.1329470511213932,0.1102683591992802,0.1547142596073517,0.0444459004080714,0.292,0.25,0.25,0.35,0.0999999999999999,0.1114463039275539,0.1052235289077394,0.0734068745581903,0.1286966414433519,0.0552897668851616,0.93,0.925,0.9,0.95,0.0499999999999999
General GYN with LNs Boost,20,50,20.0,20,0.1080365308907781,0.1026268678861558,0.0813110336301125,0.1254541159412482,0.0441430823111357,0.252,0.25,0.2,0.3,0.0999999999999999,0.0968841860277521,0.0915872480346164,0.0673301844354475,0.1155436432332717,0.0482134587978241,0.948,0.95,0.9,1.0,0.0999999999999999
General GYN with LNs Boost,30,50,20.0,20,0.0879983121399856,0.085660247707945,0.0685563710168973,0.0989061529357582,0.0303497819188608,0.215,0.2,0.15,0.25,0.0999999999999999,0.0740075143697735,0.0748140911233016,0.0504231687537608,0.0905773452408892,0.0401541764871284,0.927,0.9,0.9,1.0,0.0999999999999999
General GYN with LNs Boost,50,50,20.0,20,0.0599137404386939,0.0544627268340082,0.0446487479382216,0.0733791386262316,0.02873039068801,0.174,0.15,0.15,0.2,0.05,0.0487789218807292,0.0429988677225519,0.0348273971491577,0.0563505920249341,0.0215231948757763,0.961,1.0,0.9,1.0,0.0999999999999999
H&N Def LxHypo,10,50,20.0,20,0.0765145624995563,0.0681499867727167,0.0574156421869707,0.0922701139120608,0.0348544717250901,0.272,0.25,0.2,0.3375,0.1374999999999999,0.0603365452592944,0.0496349788199842,0.0375528772286428,0.0704022629616965,0.0328493857330537,0.956,1.0,0.9,1.0,0.0999999999999999
H&N Def LxHypo,20,50,20.0,20,0.0540299402147569,0.047865062973952,0.0414493258294107,0.0630796891766599,0.0216303633472492,0.2209999999999999,0.2,0.1999999999999999,0.25,0.05,0.041472209482122,0.0366981568972676,0.0282553727990824,0.047701063687802,0.0194456908887196,0.99,1.0,1.0,1.0,0.0
H&N Def LxHypo,30,50,20.0,20,0.0416286599818611,0.0382803385054845,0.0278259749492631,0.0465131500464705,0.0186871750972073,0.1869999999999999,0.1999999999999999,0.1499999999999999,0.2,0.0500000000000001,0.0322559550943086,0.0246488511921453,0.0189544263166738,0.0385129679571496,0.0195585416404757,1.0,1.0,1.0,1.0,0.0
H&N Def OC,10,50,30.0,30,0.0922655086211887,0.0852097003367613,0.0693489170946532,0.1139526425877957,0.0446037254931424,0.2826666666666667,0.2666666666666667,0.175,0.3666666666666667,0.1916666666666666,0.0829732711865916,0.0693458968894294,0.0519918191033897,0.1091051730389663,0.0571133539355766,0.9426666666666668,0.9333333333333332,0.9333333333333332,0.9333333333333332,0.0
H&N Def OC,20,50,30.0,30,0.0575225622557511,0.0531092935155586,0.0456712788762709,0.0648374931415722,0.0191662142653012,0.1966666666666667,0.1833333333333333,0.1666666666666666,0.2333333333333333,0.0666666666666667,0.0444014861637447,0.0380287833126375,0.0294548482392155,0.053849898750817,0.0243950505116015,0.964,0.9333333333333332,0.9333333333333332,1.0,0.0666666666666666
H&N Def OC,30,50,30.0,30,0.0502400271717134,0.0468306592960855,0.0358031007809654,0.0589029162418194,0.0230998154608539,0.1979999999999999,0.1666666666666666,0.1416666666666667,0.2583333333333333,0.1166666666666666,0.0430288899241363,0.0391047227756521,0.0285518660671009,0.0516635556072408,0.0231116895401398,0.9853333333333332,1.0,1.0,1.0,0.0
H&N Def OC,50,50,30.0,30,0.0329526845628339,0.0324953108564797,0.0242691381829812,0.040038947699137,0.0157698095161557,0.156,0.1333333333333334,0.1333333333333333,0.1666666666666666,0.0333333333333333,0.0267679775931062,0.0261837012728092,0.0192211628374777,0.032048112356235,0.0128269495187573,0.9973333333333332,1.0,1.0,1.0,0.0
H&N Def OC,75,50,30.0,30,0.0255698863874214,0.025159518594928,0.0208215331501195,0.0292597173613901,0.0084381842112706,0.14,0.1333333333333333,0.1,0.1666666666666666,0.0666666666666665,0.0213425603063467,0.0194471219361371,0.0157617438517816,0.0251929203352075,0.0094311764834258,1.0,1.0,1.0,1.0,0.0
H&N Def OC,100,50,30.0,30,0.0241421275337582,0.0227095611890306,0.0200246954756843,0.02865924677651,0.0086345513008256,0.1566666666666666,0.1666666666666666,0.1333333333333333,0.1916666666666666,0.0583333333333333,0.0213021948167228,0.0202398940607037,0.01677412366325,0.025932969119436,0.0091588454561859,1.0,1.0,1.0,1.0,0.0
H&N Def Other,10,50,30.0,30,0.1128007096106581,0.1040883390762508,0.0748540535590187,0.148378524745318,0.0735244711862993,0.3513333333333334,0.35,0.2666666666666666,0.4666666666666667,0.2,0.101420876458155,0.0981316534499995,0.0594688502985496,0.1420649693034404,0.0825961190048907,0.9433333333333332,0.9333333333333332,0.9333333333333332,0.9833333333333334,0.05
H&N Def Other,20,50,30.0,30,0.0846630275382439,0.0858866363938661,0.0598736338303076,0.1061893742519239,0.0463157404216162,0.2973333333333333,0.3,0.2333333333333333,0.3666666666666666,0.1333333333333333,0.0740031906955366,0.0721476101268246,0.0487838957915336,0.1009854848044346,0.0522015890129009,0.96,0.9333333333333332,0.9333333333333332,1.0,0.0666666666666666
H&N Def Other,30,50,30.0,30,0.0678971901191421,0.0647116174986267,0.0470961407675409,0.0818973487536523,0.0348012079861114,0.2493333333333333,0.2333333333333334,0.175,0.3,0.125,0.0591031487314009,0.0546672052365321,0.035710789714156,0.0746991086897233,0.0389883189755672,0.964,0.9333333333333332,0.9333333333333332,1.0,0.0666666666666666
H&N Def Other,50,50,30.0,30,0.0491462632692751,0.0437856103645272,0.0364393798750691,0.0631593513199359,0.0267199714448668,0.2073333333333333,0.2,0.1666666666666666,0.2583333333333333,0.0916666666666666,0.0405951395125241,0.0369522232473478,0.0265957839181997,0.0525949311595154,0.0259991472413156,0.9693333333333334,1.0,0.9333333333333332,1.0,0.0666666666666666
H&N Def Other,75,50,30.0,30,0.0422593677084387,0.0423753622565599,0.032686762187126,0.0501679249722159,0.0174811627850899,0.1859999999999999,0.1833333333333333,0.1333333333333333,0.2249999999999999,0.0916666666666666,0.033310563172593,0.0292703708857682,0.0229317571892354,0.0408450841508155,0.01791332696158,0.9693333333333334,1.0,0.9333333333333332,1.0,0.0666666666666666
H&N Def Other,100,50,30.0,30,0.0339971229848782,0.0318189364200086,0.0267824646587842,0.041901437954406,0.0151189732956217,0.1693333333333333,0.1666666666666666,0.1333333333333333,0.2,0.0666666666666666,0.0285258455046892,0.0260555967972254,0.0206516702615225,0.0359821242264002,0.0153304539648777,0.984,1.0,1.0,1.0,0.0
H&N Postop LxHypo,10,50,15.0,15,0.1111314832396007,0.1120808696505437,0.0890011365143421,0.1280313063453698,0.0390301698310277,0.352,0.3333333333333333,0.2666666666666667,0.4,0.1333333333333333,0.1049052943655585,0.102144781981466,0.0796137479360655,0.1277141493910521,0.0481004014549865,0.8693333333333334,0.8333333333333334,0.8,0.9333333333333332,0.1333333333333333
H&N Postop OC,10,50,20.0,20,0.0661676291596312,0.0600335516832336,0.0489267253268999,0.0765217448041325,0.0275950194772326,0.2599999999999999,0.25,0.2,0.3,0.1,0.0583463706328959,0.0492970870898347,0.0363704376950133,0.0750000018682699,0.0386295641732565,0.928,0.9,0.9,1.0,0.0999999999999999
H&N Postop OC,20,50,20.0,20,0.0432069985335215,0.0413449410631594,0.0280512347101957,0.0530675585198944,0.0250163238096987,0.218,0.2,0.15,0.25,0.1,0.0390607857379553,0.0352692868871972,0.0221290126022682,0.051008893134388,0.0288798805321197,0.966,1.0,0.9,1.0,0.0999999999999999
H&N Postop OC,30,50,20.0,20,0.0322431926439663,0.0297397977735156,0.0215678377447164,0.0375070935781801,0.0159392558334637,0.1969999999999999,0.1999999999999999,0.15,0.2499999999999999,0.0999999999999999,0.0283469491461644,0.02175587205266,0.0174724841185407,0.0339454698027001,0.0164729856841593,0.982,1.0,1.0,1.0,0.0
H&N Postop OC,50,50,20.0,20,0.0273875036555789,0.0221911417892129,0.0185174240673892,0.0310277687396413,0.0125103446722521,0.193,0.1999999999999999,0.1499999999999999,0.2499999999999999,0.1,0.0256698746141022,0.0206114801451075,0.0157043075976843,0.0298150490758961,0.0141107414782117,0.99,1.0,1.0,1.0,0.0
H&N Postop Other,10,50,22.0,22,0.0755589140726682,0.0625612849548151,0.0518754170173263,0.0947082541936521,0.0428328371763258,0.2509090909090909,0.2272727272727273,0.1818181818181818,0.3181818181818182,0.1363636363636364,0.0657990077326172,0.0557578782646307,0.0385333308329129,0.088496715727079,0.049963384894166,0.9072727272727272,0.9090909090909092,0.9090909090909092,0.9090909090909092,0.0
H&N Postop Other,20,50,22.0,22,0.0477003499900689,0.0430607959320747,0.0319274820809889,0.0618347240005707,0.0299072419195818,0.1945454545454546,0.1818181818181818,0.1363636363636364,0.2727272727272727,0.1363636363636363,0.0432426902519223,0.036558093798552,0.0249007909064705,0.0588969736310517,0.0339961827245811,0.9072727272727272,0.9090909090909092,0.9090909090909092,0.9090909090909092,0.0
H&N Postop Other,30,50,22.0,22,0.0353047847724673,0.0314684517216229,0.0249924917095737,0.0420644655678173,0.0170719738582436,0.1727272727272727,0.1818181818181818,0.1363636363636364,0.1818181818181818,0.0454545454545454,0.0314155153310388,0.0254117152819615,0.0192020207740096,0.0392045342762942,0.0200025135022846,0.9236363636363636,0.9090909090909092,0.9090909090909092,0.9090909090909092,0.0
H&N Postop Other,50,50,22.0,22,0.0273747666964687,0.0237705849578279,0.018993260021798,0.0324257044928586,0.0134324444710605,0.1672727272727273,0.1363636363636364,0.1363636363636363,0.1818181818181818,0.0454545454545454,0.0254266542742983,0.0212177621493497,0.016438689654892,0.029157476868184,0.012718787213292,0.9345454545454543,0.9090909090909092,0.9090909090909092,1.0,0.0909090909090909
H&N Postop Other,75,50,22.0,22,0.0232687356682146,0.0199297726137013,0.016448775726508,0.0280700326446856,0.0116212569181776,0.1481818181818182,0.1363636363636364,0.0909090909090909,0.1818181818181818,0.0909090909090908,0.0214285972012779,0.0173132177149891,0.0140893346524858,0.0265989142878392,0.0125095796353533,0.9363636363636364,0.9090909090909092,0.9090909090909092,1.0,0.0909090909090909
Intact Vulva with LNs Boost,10,50,15.0,15,0.1357368813375337,0.1214550868955795,0.1008516642792313,0.1663851121734133,0.065533447894182,0.3146666666666666,0.2666666666666667,0.2,0.3333333333333333,0.1333333333333333,0.1036761115618937,0.0922222584286695,0.05984169856897,0.1315390484315876,0.0716973498626176,0.9413333333333334,1.0,0.9333333333333332,1.0,0.0666666666666666
Lung 45Gy in30fx,10,50,44.0,43,0.1358812107760071,0.1254010949980075,0.0991475491927992,0.1520197377532383,0.052872188560439,0.2924735729386892,0.2790697674418604,0.2137949260042283,0.3370771670190275,0.1232822410147991,0.1180759131089679,0.0990959554803345,0.0766952173041366,0.1385598693133646,0.0618646520092279,0.9295454545454545,0.9545454545454546,0.8863636363636364,0.994318181818182,0.1079545454545455
Lung 45Gy in30fx,20,50,44.0,44,0.0942022084144772,0.0858363031650022,0.0739012933667398,0.1094259685006077,0.0355246751338679,0.2177272727272727,0.2045454545454545,0.1590909090909091,0.25,0.0909090909090908,0.0806822515205715,0.0735476858761592,0.055286903276826,0.1046353542196545,0.0493484509428284,0.9754545454545456,0.9772727272727272,0.9772727272727272,1.0,0.0227272727272727
Lung 45Gy in30fx,30,50,44.0,43,0.0838638455869106,0.0772244304331777,0.0621545464652239,0.1044658220025671,0.0423112755373431,0.1841754756871035,0.1704545454545454,0.1363636363636364,0.2272727272727273,0.0909090909090908,0.0704531016799528,0.0636031164375933,0.0450796241967058,0.085190857894102,0.0401112336973962,0.9804439746300212,1.0,0.9772727272727272,1.0,0.0227272727272727
Lung 45Gy in30fx,50,50,44.0,44,0.0630729044447765,0.0607104322445231,0.0498172189148282,0.0754951920281766,0.0256779731133484,0.1518181818181818,0.159090909090909,0.1363636363636363,0.1761363636363636,0.0397727272727272,0.0484553675075504,0.0479913604885272,0.031925309836068,0.0595621895257401,0.027636879689672,0.9945454545454546,1.0,1.0,1.0,0.0
Lung 45Gy in30fx,75,50,44.0,44,0.0513446356299222,0.0492672296971181,0.0398357789762589,0.0619475956400605,0.0221118166638015,0.1331818181818182,0.1363636363636363,0.1136363636363636,0.1534090909090909,0.0397727272727272,0.0398434111287989,0.0340890811978616,0.0290272789053525,0.0503581661691653,0.0213308872638127,0.9981818181818182,1.0,1.0,1.0,0.0
Lung 45Gy in30fx,100,50,44.0,44,0.0441905223348618,0.0439560785732624,0.033296715618381,0.052594440408898,0.019297724790517,0.1209090909090909,0.1136363636363636,0.0909090909090909,0.1363636363636364,0.0454545454545454,0.0359007835264399,0.0352916860889504,0.0247369051668415,0.0446576453756135,0.019920740208772,0.999090909090909,1.0,1.0,1.0,0.0
Lung 60-66Gy in30-33fx,10,50,20.0,20,0.0892170120262808,0.0853793769289227,0.0657647757811503,0.1079407539671236,0.0421759781859732,0.395,0.35,0.3,0.45,0.15,0.0744816891675205,0.0670778213116862,0.0474902914059075,0.0929740084521186,0.045483717046211,0.927,0.9,0.9,1.0,0.0999999999999999
Lung 60-66Gy in30-33fx,20,50,20.0,20,0.0546899168103269,0.0502574378823076,0.0429595369890644,0.061740093001383,0.0187805560123185,0.298,0.3,0.2,0.35,0.1499999999999999,0.0431406928008341,0.0369991556825595,0.0317503183268612,0.047558274333142,0.0158079560062807,0.937,0.9,0.9,1.0,0.0999999999999999
Lung 60-66Gy in30-33fx,30,50,20.0,20,0.044447004085324,0.0406475906902739,0.0325116762615396,0.0531224202626529,0.0206107440011133,0.303,0.275,0.2,0.3875,0.1874999999999999,0.0364297492269292,0.0331833075299811,0.0228941738176324,0.0449161386753627,0.0220219648577303,0.9449999999999998,0.9,0.9,1.0,0.0999999999999999
Lung 60-66Gy in30-33fx,50,50,20.0,20,0.0376726878390743,0.0332623526172967,0.0275910323867513,0.0417247756165715,0.0141337432298201,0.3,0.3,0.25,0.35,0.1,0.0339472385155638,0.0283762076511066,0.0210811659728376,0.0379439839957121,0.0168628180228745,0.95,0.975,0.9,1.0,0.0999999999999999
Lung SBRT 50Gy in 4fx,10,50,32.0,32,0.055918265793121,0.0481596808509989,0.0392486599045778,0.0660211118309736,0.0267724519263958,0.2375,0.21875,0.1875,0.3046875,0.1171875,0.0438807959565375,0.0350997274249152,0.0273002382083476,0.0524824406724091,0.0251822024640614,0.903125,0.890625,0.875,0.9375,0.0625
Lung SBRT 50Gy in 4fx,20,50,32.0,32,0.0463593171619924,0.0430364551414178,0.0300404307111205,0.0493567612444953,0.0193163305333747,0.219375,0.21875,0.15625,0.25,0.09375,0.0393000405424213,0.0362208052826762,0.018344298677291,0.0474695710110883,0.0291252723337973,0.89875,0.90625,0.875,0.9375,0.0625
Lung SBRT 50Gy in 4fx,30,50,32.0,32,0.0304770810777706,0.0269840860727524,0.022308508128177,0.0341957122497898,0.0118872041216127,0.168125,0.15625,0.125,0.21875,0.09375,0.0233281558290019,0.0191236383668219,0.0143565430915861,0.026856469047354,0.0124999259557679,0.914375,0.9375,0.875,0.9375,0.0625
Lung SBRT 50Gy in 4fx,50,50,32.0,32,0.0280977968143837,0.0235602330498154,0.018688408254958,0.0306725605154511,0.0119841522604931,0.16875,0.15625,0.125,0.1875,0.0625,0.0238279548103075,0.0206854966525216,0.0131456334767582,0.0273426190275296,0.0141969855507713,0.93,0.9375,0.8828125,0.9375,0.0546875
Lung SBRT 50Gy in 4fx,75,50,32.0,32,0.0192248681682137,0.0177015545539754,0.0151516428031494,0.0231815177897295,0.00802987498658,0.14375,0.15625,0.125,0.15625,0.03125,0.0166379325475219,0.0152660092684394,0.0110331751678946,0.0193409123675037,0.008307737199609,0.945625,0.9375,0.9140625,1.0,0.0859375
Lung SBRT 50Gy in 4fx,100,50,32.0,32,0.0164447593469044,0.0147903285606653,0.0117925134154328,0.0195255282021241,0.0077330147866912,0.14,0.125,0.125,0.15625,0.03125,0.0147504899408073,0.0127430795409366,0.0101690143212344,0.0173312041673666,0.0071621898461321,0.94125,0.9375,0.9375,1.0,0.0625
Lung SBRT 54Gy in 3fx,10,50,22.0,22,0.0598333398273394,0.0557732882376764,0.0429276924424034,0.0700659228118873,0.0271382303694838,0.3327272727272727,0.3181818181818182,0.2272727272727273,0.4090909090909091,0.1818181818181818,0.0483285180106015,0.0412143716631073,0.0273314704038061,0.0626644162897485,0.0353329458859424,0.901818181818182,0.9090909090909092,0.875,0.9090909090909092,0.034090909090909
Lung SBRT 54Gy in 3fx,20,50,22.0,22,0.0474864499574596,0.0393363889529575,0.0294820704273025,0.0591021888897533,0.0296201184624507,0.2918181818181818,0.2272727272727273,0.1931818181818182,0.3636363636363637,0.1704545454545454,0.0372529809956289,0.026363120014277,0.0166220397799606,0.0514157138352824,0.0347936740553218,0.9090909090909092,0.9090909090909092,0.9090909090909092,0.9090909090909092,0.0
Lung SBRT 54Gy in 3fx,30,50,22.0,22,0.0416957112173597,0.0345819942207083,0.0286370901256344,0.0455999867800783,0.0169628966544439,0.2827272727272727,0.2727272727272727,0.1818181818181818,0.3181818181818182,0.1363636363636363,0.0337329734131387,0.027164445645619,0.0166985320156967,0.0424914916763971,0.0257929596607003,0.9254545454545452,0.9090909090909092,0.9090909090909092,0.9090909090909092,0.0
Lung SBRT 54Gy in 3fx,50,50,22.0,22,0.0307389666839334,0.0285642250564327,0.0212273132584586,0.0361717694404012,0.0149444561819425,0.2363636363636364,0.2272727272727272,0.1818181818181818,0.2727272727272728,0.090909090909091,0.0236022719328204,0.0187985361043892,0.0137881403275241,0.0304955040159347,0.0167073636884106,0.921818181818182,0.9090909090909092,0.9090909090909092,0.9090909090909092,0.0
Lung SBRT 54Gy in 3fx,75,50,22.0,22,0.0278291613615084,0.024546512050951,0.0213713628449795,0.0330871249462804,0.0117157621013008,0.2290909090909091,0.2272727272727273,0.1818181818181818,0.2727272727272728,0.090909090909091,0.0225567075670061,0.0169384323445698,0.0135111330973287,0.0298538640796842,0.0163427309823554,0.9327272727272724,0.9090909090909092,0.9090909090909092,1.0,0.0909090909090909
Lung SBRT 60Gy in 5fx,10,50,31.0,31,0.0795876443843897,0.0695198378925337,0.0530588800177653,0.0905692863980594,0.037510406380294,0.3851612903225806,0.3548387096774194,0.2903225806451612,0.4758064516129032,0.185483870967742,0.0725017467685382,0.0636735942114686,0.0401908853698168,0.0879843613840589,0.0477934760142421,0.895483870967742,0.8709677419354839,0.8387096774193549,0.935483870967742,0.096774193548387
Lung SBRT 60Gy in 5fx,20,50,31.0,31,0.0497734707729425,0.0492302340778807,0.0375235525354333,0.0559725626531502,0.0184490101177169,0.3051612903225806,0.3064516129032257,0.2016129032258064,0.3870967741935484,0.1854838709677419,0.0406338567780765,0.037945637649021,0.0277699509269929,0.0522725921770801,0.0245026412500872,0.9051612903225807,0.935483870967742,0.8709677419354839,0.935483870967742,0.064516129032258
Lung SBRT 60Gy in 5fx,30,50,31.0,31,0.0405869669255789,0.0380090373571725,0.0324484789850704,0.0454678015891463,0.0130193226040758,0.267741935483871,0.2580645161290322,0.1935483870967742,0.3225806451612903,0.1290322580645161,0.0332008628516336,0.0287565318203222,0.0220946673406451,0.0415438979922505,0.0194492306516053,0.9406451612903228,0.935483870967742,0.9112903225806452,1.0,0.0887096774193548
Lung SBRT 60Gy in 5fx,50,50,31.0,31,0.031991801519089,0.029810976212703,0.0231672541697718,0.0354790247184191,0.0123117705486473,0.2432258064516128,0.2258064516129032,0.1612903225806451,0.2903225806451613,0.1290322580645161,0.0268202278889208,0.0235699136450375,0.0166358074590851,0.0328614711373959,0.0162256636783108,0.9567741935483872,1.0,0.935483870967742,1.0,0.0645161290322581
Lung SBRT 60Gy in 5fx,75,50,31.0,31,0.0273689821388223,0.0247317142629324,0.0208619370808869,0.0328943587194753,0.0120324216385883,0.232258064516129,0.2258064516129032,0.1612903225806451,0.2903225806451613,0.1290322580645161,0.0229251421629368,0.0207276619016369,0.0149031262135996,0.0270337792204666,0.0121306530068669,0.975483870967742,1.0,0.935483870967742,1.0,0.0645161290322581
Lung SBRT 60Gy in 5fx,100,50,31.0,31,0.0224057527453998,0.0206301556971936,0.0173092751048367,0.0268548399072368,0.0095455648024,0.2032258064516129,0.1935483870967742,0.1612903225806451,0.25,0.0887096774193548,0.019043505390849,0.0171159557674204,0.0133220245986129,0.0224462412759875,0.0091242166773745,0.9748387096774196,1.0,0.935483870967742,1.0,0.0645161290322581
Pancrease in 28-30fx,10,50,13.0,13,0.1514643532626726,0.1314095723759589,0.1174341445980101,0.1814694253769884,0.0640352807789782,0.3430769230769231,0.3076923076923077,0.2307692307692308,0.4615384615384615,0.2307692307692307,0.1233644917796178,0.1025508493995889,0.0795836283231241,0.1543571274663711,0.074773499143247,0.9938461538461538,1.0,1.0,1.0,0.0
Prostate 70Gy in 28fx,10,50,92.0,92,0.1082794868379374,0.0959588784699807,0.0599584038973352,0.1486730166623686,0.0887146127650334,0.3432608695652174,0.2826086956521739,0.25,0.4239130434782608,0.1739130434782608,0.1047844688287315,0.0903791455242357,0.0543381226591224,0.133733605912578,0.0793954832534555,0.9643478260869564,0.9891304347826086,0.9347826086956522,1.0,0.0652173913043477
Prostate 70Gy in 28fx,20,50,92.0,92,0.0697380845428034,0.0641573036905853,0.0407908584152752,0.0912257199581367,0.0504348615428615,0.2936956521739131,0.25,0.25,0.3478260869565217,0.0978260869565217,0.0673899036937182,0.0635686295943693,0.0386606982621994,0.0906029415934626,0.0519422433312632,0.9839130434782608,1.0,0.9891304347826086,1.0,0.0108695652173913
Prostate 70Gy in 28fx,30,50,92.0,92,0.0463523954019759,0.0413281609155185,0.0271138898012586,0.0626383189749979,0.0355244291737393,0.2517391304347826,0.25,0.2391304347826087,0.25,0.0108695652173912,0.043885452023561,0.0387565473250099,0.0257058276048362,0.0600752927499215,0.0343694651450853,0.9906521739130434,1.0,0.9891304347826086,1.0,0.0108695652173913
Prostate 70Gy in 28fx,50,50,92.0,92,0.0402153785669293,0.0373976016153735,0.0235566044869165,0.0499793498193681,0.0264227453324515,0.2497826086956522,0.25,0.2391304347826087,0.2608695652173913,0.0217391304347825,0.0386911318014985,0.0339872396296149,0.0201010268979884,0.0476553802970898,0.0275543533991013,0.9947826086956522,1.0,1.0,1.0,0.0
Prostate 70Gy in 28fx,75,50,92.0,92,0.0301684067852207,0.0236536864995076,0.0169927308271595,0.0357271723230341,0.0187344414958745,0.2454347826086957,0.2391304347826087,0.2391304347826087,0.25,0.0108695652173912,0.0287365899907479,0.0208660691284477,0.014992717771798,0.0332572014330126,0.0182644836612146,0.9989130434782608,1.0,1.0,1.0,0.0
Prostate 70Gy in 28fx,100,50,92.0,92,0.026241295901879,0.0243982403095541,0.0170254484859715,0.0313005830159362,0.0142751345299647,0.2460869565217391,0.25,0.2391304347826087,0.25,0.0108695652173912,0.0251416742677401,0.0236210140148438,0.0156812815150085,0.0307357229276587,0.0150544414126502,0.9986956521739132,1.0,1.0,1.0,0.0
Prostate Fossa 6840 38 fx,10,50,20.0,20,0.1004931705609435,0.0967184212706121,0.0726857975905412,0.1255124424119381,0.0528266448213968,0.3229999999999999,0.3,0.2625,0.35,0.0874999999999999,0.0997939557179272,0.0960318788725488,0.0707613981475877,0.1255085662694631,0.0547471681218753,0.935,0.9,0.9,1.0,0.0999999999999999
Prostate SBRT,10,50,19.0,19,0.1364368901696277,0.1338070988534294,0.1069406281745051,0.1616557902973396,0.0547151621228344,0.2951578947368422,0.2631578947368421,0.25,0.3638157894736842,0.1138157894736842,0.1073580495219027,0.1025830363950082,0.0748239769249776,0.1308286728166268,0.0560046958916492,0.9082105263157894,0.8947368421052632,0.8947368421052632,0.9355263157894737,0.0407894736842104
Prostate SBRT,20,50,20.0,19,0.101806329106731,0.098034250886868,0.0877322129674925,0.1176825304110573,0.0299503174435648,0.2558421052631578,0.25,0.2105263157894736,0.3,0.0894736842105263,0.0795299144766737,0.0762439313554428,0.061472397207308,0.0892766158561053,0.0278042186487972,0.9134736842105264,0.9,0.8960526315789474,0.9,0.0039473684210525
Prostate SBRT,30,50,20.0,19,0.0806266320402971,0.0810007900902681,0.061494805503722,0.0967566883234136,0.0352618828196916,0.218578947368421,0.2105263157894736,0.1578947368421053,0.25,0.0921052631578946,0.0615653044411984,0.0605368699896841,0.0402987718578377,0.0767472931227384,0.0364485212649006,0.9174736842105262,0.9,0.8947368421052632,0.9,0.0052631578947368
Prostate SBRT,50,50,20.0,19,0.0650027889444643,0.0656031961172374,0.0535400015920609,0.0801102008464761,0.0265701992544151,0.1948421052631578,0.1999999999999999,0.15,0.25,0.0999999999999999,0.0506253503945333,0.0447254039192419,0.0390600531838406,0.0614702334708137,0.0224101802869731,0.9234736842105262,0.9,0.9,0.9,0.0
Rectal 54Gy in 27fx,10,50,20.0,20,0.1266028833754139,0.1258291865660006,0.0923684419158421,0.1513471737206036,0.0589787318047614,0.3919999999999999,0.4499999999999999,0.3,0.45,0.15,0.110828600460825,0.1088319408849695,0.0721602015030314,0.1391079325735689,0.0669477310705375,0.958,1.0,0.9,1.0,0.0999999999999999
Rectal 54Gy in 27fx,20,50,20.0,20,0.0688533721172179,0.0663375430799373,0.0445713612872946,0.0891231809306592,0.0445518196433646,0.303,0.3,0.25,0.3999999999999999,0.1499999999999999,0.062453281745072,0.0564504382906937,0.0346981219728931,0.087858947559259,0.0531608255863658,0.968,1.0,0.9,1.0,0.0999999999999999
Rectal 54Gy in 27fx,30,50,20.0,20,0.0557673295031966,0.0457798869507509,0.0335238063001401,0.0731037769813946,0.0395799706812545,0.273,0.25,0.1999999999999999,0.35,0.15,0.0518914146893331,0.0419518856429594,0.0281309819888046,0.0675966914578527,0.039465709469048,0.976,1.0,1.0,1.0,0.0
Rectal 54Gy in 27fx,50,50,20.0,20,0.0456762887866554,0.039911725487183,0.0307950245206255,0.0556505741857576,0.024855549665132,0.2659999999999999,0.25,0.2,0.3,0.1,0.0440659730230047,0.0363293727283375,0.0281553604928358,0.0556453208699417,0.0274899603771058,0.99,1.0,1.0,1.0,0.0
Rectal 54Gy in 27fx,75,50,20.0,20,0.0332654034649844,0.0261105373349596,0.0182822320860932,0.0429757929089264,0.0246935608228332,0.2129999999999999,0.1999999999999999,0.15,0.2875,0.1374999999999999,0.0316385490732354,0.0242071232672664,0.017577448176772,0.0403563109732916,0.0227788627965195,0.99,1.0,1.0,1.0,0.0
UK FAST 28.5 Gy / 5 fx weekly Right,10,50,20.0,20,0.0658991144325324,0.0614455460348529,0.0488958272806387,0.0749688791103786,0.0260730518297398,0.2459999999999999,0.25,0.1999999999999999,0.2875,0.0875,0.0518015052262228,0.0446575628769609,0.03408653310167,0.0601636804159097,0.0260771473142397,0.923,0.95,0.85,1.0,0.15
UK FAST 28.5 Gy / 5 fx weekly Right,20,50,20.0,20,0.0436559016637067,0.0428326102167676,0.03389773182478,0.0505958795160412,0.0166981476912611,0.202,0.2,0.15,0.2,0.05,0.0348832936349342,0.0322530583619477,0.0275971341042644,0.0381540858039444,0.0105569516996799,0.966,1.0,0.95,1.0,0.05
UK FAST 28.5 Gy / 5 fx weekly Right,30,50,20.0,20,0.036478097123345,0.0338910119248002,0.0282037861829817,0.042203858698131,0.0140000725151493,0.175,0.15,0.15,0.2,0.05,0.0277086682164037,0.0258395575073283,0.021904766230719,0.0331901976685834,0.0112854314378644,0.963,1.0,0.95,1.0,0.05
UK Fast-Forward  26 Gy / 5 fx daily Left,10,50,37.0,37,0.0773380540068079,0.0710718185603813,0.0564430214331466,0.0949838015241474,0.0385407800910008,0.252972972972973,0.2432432432432433,0.1689189189189189,0.3243243243243243,0.1554054054054054,0.0675857481666512,0.0582009208436616,0.0360235549083431,0.093084023767283,0.0570604688589398,0.962162162162162,0.945945945945946,0.945945945945946,1.0,0.054054054054054
UK Fast-Forward  26 Gy / 5 fx daily Left,20,50,37.0,37,0.0495144670647951,0.0427791286404702,0.0343635286548893,0.0600040404559406,0.0256405118010513,0.1935135135135134,0.1621621621621621,0.1351351351351351,0.2432432432432432,0.1081081081081081,0.0431206629662139,0.0338323312243926,0.0260825158597973,0.0565394410220736,0.0304569251622762,0.9686486486486487,0.945945945945946,0.945945945945946,1.0,0.054054054054054
UK Fast-Forward  26 Gy / 5 fx daily Left,30,50,37.0,37,0.0384461245154862,0.0354716230626602,0.0274168495833336,0.044233828566331,0.0168169789829973,0.1659459459459459,0.1621621621621621,0.1081081081081081,0.1891891891891892,0.0810810810810811,0.0341177464434658,0.0299020685548162,0.0190688344129668,0.0421562886252658,0.0230874542122989,0.9751351351351352,1.0,0.945945945945946,1.0,0.054054054054054
UK Fast-Forward  26 Gy / 5 fx daily Left,50,50,37.0,37,0.0296071706258798,0.0248212325598174,0.0198574926832851,0.0345085340435867,0.0146510413603015,0.1405405405405405,0.1351351351351351,0.1081081081081081,0.1621621621621621,0.054054054054054,0.0263042772685657,0.0212081568910678,0.0158344482137327,0.0306545586610357,0.014820110447303,0.9772972972972974,1.0,0.945945945945946,1.0,0.054054054054054
UK Fast-Forward  26 Gy / 5 fx daily Left,75,50,37.0,37,0.0244032860610658,0.0203339568901523,0.016969231941614,0.0317237388639885,0.0147545069223745,0.1318918918918919,0.1351351351351351,0.1081081081081081,0.1621621621621621,0.054054054054054,0.0221285255569461,0.0182809524158022,0.0134000567253279,0.0311006262735121,0.0177005695481842,0.9902702702702704,1.0,1.0,1.0,0.0
UK Fast-Forward  26 Gy / 5 fx daily Left,100,50,37.0,37,0.0216828556556238,0.0199015144558982,0.0146636914710583,0.0253291095430203,0.0106654180719619,0.127027027027027,0.1081081081081081,0.1081081081081081,0.1351351351351352,0.027027027027027,0.0200133790842058,0.0175677008535978,0.0127391159164736,0.0247933744323989,0.0120542585159252,0.985945945945946,1.0,0.9594594594594594,1.0,0.0405405405405405
Whole Brain Hippocampal Sparing,10,50,12.0,12,0.0700661375661375,0.0632716049382716,0.0521935626102292,0.083994708994709,0.0318011463844797,0.215,0.1666666666666667,0.1666666666666666,0.25,0.0833333333333333,0.0667063492063492,0.0578703703703703,0.0478395061728395,0.0836640211640211,0.0358245149911816,0.9616666666666668,1.0,0.9166666666666666,1.0,0.0833333333333333
